{
  "rmse_sigma_05": 0.47381566666666686,
  "predicted_peaks_sigma_05": [
    101.79166666666667
  ],
  "count_sigma_05": 18,
  "off_sigma_perm": {
    "0.45": {
      "rmse_on": 0.47381566666666686,
      "rmse_off": 0.47381566666666686,
      "p_perm": 1.0
    },
    "0.55": {
      "rmse_on": 0.47381566666666686,
      "rmse_off": 0.47381566666666686,
      "p_perm": 1.0
    },
    "0.4": {
      "rmse_on": 0.47381566666666686,
      "rmse_off": 0.47381566666666686,
      "p_perm": 1.0
    },
    "0.6": {
      "rmse_on": 0.47381566666666686,
      "rmse_off": 0.47381566666666686,
      "p_perm": 1.0
    }
  }
}