{
  "0.35": {
    "mean_err": 0.00019226582274459804,
    "mean_err_ci": [
      0.0001474755675228422,
      0.0002451137914909745
    ],
    "count": 19,
    "count_ci": [
      18.0,
      24.0
    ],
    "q_threshold": 4.916231814755534e-06
  },
  "0.39999999999999997": {
    "mean_err": 0.00017716518648118714,
    "mean_err_ci": [
      0.00013468748756819535,
      0.00022716433202285913
    ],
    "count": 18,
    "count_ci": [
      18.0,
      23.525
    ],
    "q_threshold": 3.3085635791209013e-06
  },
  "0.44999999999999996": {
    "mean_err": 0.00016119669044098317,
    "mean_err_ci": [
      0.00011924010637599982,
      0.00020910153473279193
    ],
    "count": 18,
    "count_ci": [
      18.0,
      23.0
    ],
    "q_threshold": 1.77341186250235e-06
  },
  "0.49999999999999994": {
    "mean_err": 0.00014676533134923387,
    "mean_err_ci": [
      0.0001055512815942002,
      0.00019291221130596497
    ],
    "count": 18,
    "count_ci": [
      18.0,
      24.525
    ],
    "q_threshold": 2.886493216669929e-07
  },
  "0.5499999999999999": {
    "mean_err": 0.0001611966904409832,
    "mean_err_ci": [
      0.00011924010637599977,
      0.0002091015347327919
    ],
    "count": 18,
    "count_ci": [
      18.0,
      23.0
    ],
    "q_threshold": 1.77341186250235e-06
  },
  "0.5999999999999999": {
    "mean_err": 0.00017716518648118872,
    "mean_err_ci": [
      0.00013468748756819787,
      0.00022716433202286113
    ],
    "count": 18,
    "count_ci": [
      18.0,
      23.525
    ],
    "q_threshold": 3.3085635791209013e-06
  },
  "0.6499999999999999": {
    "mean_err": 0.00019226582274459804,
    "mean_err_ci": [
      0.0001474755675228422,
      0.0002451137914909745
    ],
    "count": 19,
    "count_ci": [
      18.0,
      24.0
    ],
    "q_threshold": 4.916231814755534e-06
  }
}