{
  "dist_stats": {
    "mean": 1.3690041761414098,
    "median": 1.0459912049244018,
    "p25": 0.5631298821285551,
    "p75": 1.1613040774598815
  },
  "accuracy_at_tau": {
    "0.1": 0.0,
    "0.2": 0.0,
    "0.25": 0.0,
    "0.3": 0.0,
    "0.5": 0.0
  },
  "peak_hits": {
    "hits": 0,
    "total": 7,
    "rate": 0.0,
    "peaks": [
      29.8,
      42.2,
      46.2,
      33.8,
      21.8,
      9.8,
      58.2
    ]
  }
}