{
  "0.35": {
    "p_perm": 1.0,
    "stat_on": 1.7119221960985147,
    "stat_off": 1.7124163004260957,
    "n_on": 19,
    "n_off": 20
  },
  "0.4": {
    "p_perm": 0.9933774834437086,
    "stat_on": 1.7119221960985147,
    "stat_off": 1.7124200364209945,
    "n_on": 19,
    "n_off": 20
  },
  "0.45": {
    "p_perm": 0.9933774834437086,
    "stat_on": 1.7119221960985147,
    "stat_off": 1.7124237183394828,
    "n_on": 19,
    "n_off": 20
  },
  "0.55": {
    "p_perm": 1.0,
    "stat_on": 1.7119221960985147,
    "stat_off": 1.7124237183394828,
    "n_on": 19,
    "n_off": 20
  },
  "0.6": {
    "p_perm": 0.9933774834437086,
    "stat_on": 1.7119221960985147,
    "stat_off": 1.7124200364209945,
    "n_on": 19,
    "n_off": 20
  },
  "0.65": {
    "p_perm": 1.0,
    "stat_on": 1.7119221960985147,
    "stat_off": 1.7124163004260957,
    "n_on": 19,
    "n_off": 20
  }
}