{
  "0.35": {
    "mean_err": 0.04991055291301039,
    "q_threshold": 1.3444032596954258e-05,
    "num_closures": 9
  },
  "0.425": {
    "mean_err": 0.049807955802882484,
    "q_threshold": 6.85726456584046e-06,
    "num_closures": 9
  },
  "0.5": {
    "mean_err": 0.04963015423806956,
    "q_threshold": 7.748282876152146e-07,
    "num_closures": 8
  },
  "0.575": {
    "mean_err": 0.049807955802882484,
    "q_threshold": 6.85726456584046e-06,
    "num_closures": 9
  },
  "0.65": {
    "mean_err": 0.04991055291301039,
    "q_threshold": 1.3444032596954258e-05,
    "num_closures": 9
  }
}