{
  "0.2": {
    "mean_err": 0.1470150970937622,
    "q_threshold": 3.284933160569182e-05,
    "num_closures": 4,
    "t_ests": [
      10.000000000002148,
      39.99878092742331,
      25.0,
      30.000000000007454
    ]
  },
  "0.275": {
    "mean_err": 0.14701509709376218,
    "q_threshold": 3.284933160575695e-05,
    "num_closures": 4,
    "t_ests": [
      10.000000000002148,
      39.99878092742331,
      25.0,
      30.000000000007454
    ]
  },
  "0.35000000000000003": {
    "mean_err": 0.1470150970937622,
    "q_threshold": 3.2849331605646124e-05,
    "num_closures": 4,
    "t_ests": [
      10.000000000002148,
      39.99878092742332,
      25.0,
      30.000000000007454
    ]
  },
  "0.42500000000000004": {
    "mean_err": 0.14701509709376218,
    "q_threshold": 3.284933160561356e-05,
    "num_closures": 4,
    "t_ests": [
      10.000000000002148,
      39.99878092742332,
      25.0,
      30.000000000007454
    ]
  },
  "0.5": {
    "mean_err": 0.1470150970937622,
    "q_threshold": 3.284933160561356e-05,
    "num_closures": 4,
    "t_ests": [
      10.000000000002148,
      39.99878092742332,
      25.0,
      30.000000000007454
    ]
  },
  "0.5750000000000001": {
    "mean_err": 0.14701509709376218,
    "q_threshold": 3.284933160561356e-05,
    "num_closures": 4,
    "t_ests": [
      10.000000000002148,
      39.99878092742332,
      25.0,
      30.000000000007454
    ]
  },
  "0.6500000000000001": {
    "mean_err": 0.1470150970937622,
    "q_threshold": 3.2849331605646124e-05,
    "num_closures": 4,
    "t_ests": [
      10.000000000002148,
      39.99878092742332,
      25.0,
      30.000000000007454
    ]
  },
  "0.7250000000000001": {
    "mean_err": 0.14701509709376218,
    "q_threshold": 3.284933160575695e-05,
    "num_closures": 4,
    "t_ests": [
      10.000000000002148,
      39.99878092742331,
      25.0,
      30.000000000007454
    ]
  },
  "0.8": {
    "mean_err": 0.1470150970937622,
    "q_threshold": 3.284933160569182e-05,
    "num_closures": 4,
    "t_ests": [
      10.000000000002148,
      39.99878092742331,
      25.0,
      30.000000000007454
    ]
  }
}